year	% Rejected (All)	% Rejected (Postal)
1982	0.012191267919133731	0.012623787474228546
1988	0.017642592266945558	0.03287933770048856
1994	0.019668279133831318	0.01639267591141875
1999	0.02310704099109584	0.04000837197320969
2005	0.011180424198537322	0.01658013361674359
2010	0.00970306087847011	0.012993306709021988
2015	0.011490595894108604	0.01454065519679472
2019	0.010117455613633483	0.01458374287399253
